model_name,original_name,pathogen,name,n_compounds,n_positives,n_added_negatives,n_added_decoys,auroc_mean,auroc_std,auprc_mean,auprc_std,baseline_auprc_mean,baseline_auprc_std,bedroc_mean,bedroc_std,baseline_bedroc_mean,baseline_bedroc_std,w1,w2,w3,w4,w5,w6,w_screen,final_weight,final_normalized_weight,decision_cutoff_rank,screening_auc,sensitivity_at_cutoff,portfolio,model_size_total_mb,oof_auc_cddd_mean,oof_auc_cddd_std,oof_auc_chemeleon_mean,oof_auc_chemeleon_std,oof_auc_clamp_mean,oof_auc_clamp_std,oof_auc_morgan_mean,oof_auc_morgan_std,oof_auc_rdkit_mean,oof_auc_rdkit_std
chembl_single_point_0,SP_0003,calbicans,SP_0003,1717,201,0,0,0.9272,0.0156,0.6706,0.0322,0.1171,0.0012,0.7501,0.034,0.1296,0.001,1.0,0.7573,0.5761,0.6225,0.2699,0.1888,0.759,0.5962,6.1127,0.65,0.9277,0.7164,LR;RF;SVC;XGB,6.26,,,0.9048,0.0066,0.9026,0.01,0.912,0.011,,
chembl_single_point_1,SP_0001,calbicans,SP_0001,949,198,0,0,0.916,0.0193,0.7891,0.0285,0.2086,0.0026,0.8885,0.0272,0.2119,0.0025,1.0,0.72,0.5213,0.6066,0.2358,0.185,0.437,0.5294,5.4279,0.65,0.8311,0.601,LR;RF;SVC;XGB,4.974,,,0.9123,0.0063,0.8887,0.0109,0.8954,0.0082,,
chembl_single_point_2,SP_0000,calbicans,SP_0000,842,320,0,0,0.9689,0.0094,0.9612,0.0076,0.3801,0.0013,0.9976,0.0012,0.3802,0.0012,1.0,0.8965,0.5537,0.5883,0.2061,0.2733,0.4377,0.5651,5.7939,0.65,0.8313,0.625,LR;RF;SVC;XGB,6.104,,,0.959,0.0039,0.9559,0.0027,0.9615,0.0029,,
chembl_single_point_3,SP_0004,calbicans,SP_0004,695,141,0,0,0.9219,0.027,0.7622,0.0776,0.2028,0.0032,0.8337,0.0789,0.2065,0.003,1.0,0.7397,0.504,0.564,0.1653,0.1138,0.4953,0.5117,5.2464,0.65,0.8486,0.6028,LR;RF;SVC;XGB,11.444,,,0.9248,0.0081,0.9179,0.0071,0.9234,0.0079,,
chembl_single_point_4,SP_0002,calbicans,SP_0002,627,173,0,0,0.8986,0.0361,0.8337,0.0448,0.2759,0.0037,0.9508,0.0254,0.277,0.0036,1.0,0.6619,0.4975,0.601,0.1464,0.1537,0.3853,0.4923,5.0475,0.65,0.8156,0.6358,LR;RF;SVC;XGB,10.16,,,0.8927,0.0122,0.8788,0.0281,0.8898,0.0137,,
chembl_dose_response_0,DR_0001,calbicans,DR_0001,7988,1202,0,0,0.9717,0.005,0.896,0.0077,0.1505,0.0003,0.9397,0.0075,0.1583,0.0003,1.0,0.9056,0.714,0.7384,0.4441,0.5112,0.907,0.7458,7.6466,0.65,0.9721,0.896,RF;XGB,12.384,,,0.9688,0.0013,0.9643,0.001,0.9709,0.0021,,
chembl_dose_response_1,DR_0000,calbicans,DR_0000,7670,1807,0,0,0.9742,0.004,0.9437,0.0054,0.2356,0.0004,0.9851,0.004,0.2377,0.0003,1.0,0.9141,0.6302,0.6649,0.4353,0.5448,0.868,0.7225,7.4077,0.65,0.9604,0.8616,RF;XGB,9.199,,,0.9685,0.0026,0.9625,0.0029,0.9672,0.0008,,
chembl_dose_response_2,DR_0002,calbicans,DR_0002,4640,1152,0,0,0.9329,0.0178,0.856,0.0292,0.2482,0.0006,0.9434,0.0147,0.25,0.0005,1.0,0.7765,0.5402,0.6163,0.3511,0.5084,0.7893,0.6545,6.7105,0.65,0.9368,0.8038,LR;RF;SVC;XGB,12.682,,,0.927,0.006,0.9194,0.0051,0.9302,0.0064,0.9184,0.0015
chembl_dose_response_3,DR_0003,calbicans,DR_0003,2490,1245,88,0,0.854,0.0136,0.8496,0.0108,0.5,0.0,0.9457,0.0194,0.5,0.0,0.9293,0.5132,0.3884,0.4952,0.2914,0.5136,0.4793,0.5158,5.2884,0.65,0.8438,0.3687,LR;RF;SVC;XGB,14.371,,,0.8255,0.0085,0.8618,0.0043,0.8243,0.0061,,
chembl_dose_response_4,DR_0004,calbicans,DR_0004,1432,93,0,0,0.989,0.0084,0.8735,0.0864,0.0649,0.0018,0.9109,0.0561,0.0893,0.0013,1.0,0.9633,0.9323,0.9511,0.262,0.0537,0.961,0.7319,7.504,0.65,0.9883,0.9462,LR;RF;SVC;XGB,3.983,,,0.9781,0.0068,0.9872,0.0022,,,0.9847,0.0056
chembl_dose_response_5,DR_0008,calbicans,DR_0008,1170,585,449,0,0.9581,0.0108,0.9687,0.0089,0.5,0.0,0.9995,0.0008,0.5,0.0,0.2325,0.8605,0.5208,0.555,0.2547,0.3617,0.8413,0.5181,5.312,0.65,0.9524,0.7863,LR;RF;SVC;XGB,8.187,,,0.9534,0.0038,0.9451,0.0076,0.9519,0.0045,,
chembl_dose_response_6,DR_0009,calbicans,DR_0009,832,252,0,0,0.8239,0.0231,0.7071,0.0465,0.3029,0.0023,0.842,0.0794,0.3036,0.0023,1.0,0.4131,0.364,0.4851,0.2033,0.2507,0.3057,0.4317,4.4261,0.65,0.7917,0.3849,LR;RF;SVC;XGB,6.041,,,0.8014,0.0085,0.7774,0.0155,0.8006,0.0031,0.7924,0.0131
chembl_dose_response_7,DR_0005,calbicans,DR_0005,787,264,0,0,0.9199,0.0343,0.8967,0.0356,0.3354,0.0026,0.9854,0.0092,0.3359,0.0026,1.0,0.7331,0.5152,0.5964,0.1908,0.2547,0.5283,0.5455,5.5929,0.65,0.8585,0.6288,LR;RF;SVC;XGB,6.134,,,0.9175,0.0105,0.9103,0.0095,0.9194,0.0134,,
chembl_dose_response_8,DR_0006,calbicans,DR_0006,717,271,0,0,0.8504,0.0256,0.8076,0.0303,0.3779,0.0025,0.9354,0.0475,0.3781,0.0025,1.0,0.5012,0.4085,0.53,0.1714,0.257,0.28,0.4497,4.6107,0.65,0.784,0.5572,LR;RF;SVC;XGB,10.097,,,0.8535,0.0069,0.8552,0.0108,0.8743,,0.8438,0.0149
chembl_dose_response_9,DR_0007,calbicans,DR_0007,677,129,0,0,0.9107,0.0371,0.8083,0.0409,0.1906,0.0031,0.8922,0.0813,0.1949,0.0029,1.0,0.7024,0.5616,0.6319,0.1603,0.0988,0.7457,0.5572,5.7129,0.65,0.9237,0.8295,LR;RF;SVC;XGB,6.549,,,0.9173,0.0117,0.9137,0.0101,0.8992,,,
pubchem_0,485275_merged3,calbicans,485275_merged3,334766,2586,0,0,0.8033,0.0116,0.1427,0.019,0.0077,0.0,0.4219,0.023,0.054,0.0,1.0,0.3442,0.568,0.5729,1.0,0.5881,0.0,0.5819,5.9661,0.65,0.6817,0.1953,RF;XGB,144.973,,,0.7597,0.002,0.8095,0.0044,,,,
pubchem_aid1242,1242,calbicans,1242,121183,19,0,0,0.8703,0.0806,0.1201,0.1044,0.0002,0.0,0.6396,0.0823,0.0501,0.0,1.0,0.5675,0.56,0.8103,1.0,0.0,0.2907,0.6041,6.1937,0.65,0.7872,0.4737,RF;XGB,80.773,,,0.8634,0.0148,0.8944,0.0238,,,0.8391,0.0239
